{"mean_": [7317.334422950973, 7406.006008490831, 7235.605091574663, 7321.625450271333, 42604.32934131737, 7282.350199169064, 7212.429850881112, 48.113305165368715, 50.16304082634166, 46.84724137310859], "scale_": [631.3392376233116, 648.7979564736672, 622.0369545421909, 644.8496536485125, 35800.28434561468, 579.0621100165747, 437.8586867613511, 18.880537459659777, 137.03997120037636, 128.17353383727055], "var_": [398589.2329627843, 420938.7883244066, 386929.9728161237, 415831.07581060653, 1281660359.2268636, 335312.9272568477, 191720.22957237498, 356.4746947656161, 18779.953706599983, 16428.45477633394]}