{"mean_": [7400.113682154605, 7489.129756887335, 7316.638417454769, 7403.333940686678, 43048.70526315789, 7366.04317287364, 7293.2591174890995, 52.851052884067975, 51.911488101007684, 49.172489373442914], "scale_": [700.3209207439288, 720.5101522878357, 688.7689530086702, 712.6170700300022, 34382.73234339209, 654.8966763630046, 522.8612498288378, 17.37293831636684, 133.56840374844836, 125.4689473739404]}