{"mean_": [3538.2812159682767, 3568.9890861742424, 3495.7624334161933, 3529.3687884706437, 109038.10909090909, 3538.8007556886446, 3557.6074332982726, 49.067820129583914, -13.348682624628768, -13.728789901751927], "scale_": [181.7259018621444, 182.63892641574662, 185.1877925732317, 184.6451765202418, 168526.01231972498, 161.46650439513894, 128.83682190525437, 14.723269890656299, 41.52587114087354, 36.8409203113466]}