{"mean_": [3668.1598508927295, 3700.6032453282796, 3636.2408414273386, 3667.137553748069, 152488.50950570343, 3663.4434289968513, 52.07770122393374, 10.761651423252577, 3821.342507824279, 3500.624927343854], "scale_": [411.6191939046566, 418.45567986782913, 405.818469049158, 410.9863474239663, 1115891.4574783035, 409.33760414375246, 12.755661011218143, 50.49872870297908, 438.4535378129147, 382.33630848219667]}