{"mean_": [4047.710704948165, 4086.2326350624826, 4007.4931269464955, 4043.2620849609375, 90240.94444444444, 4062.0529867092982, 4091.095981229265, 43.87974785774444, -20.83273017856949, -18.94544739514035], "scale_": [282.6584811973393, 280.4647894964419, 282.7950538413827, 281.73791025707834, 77213.5757356155, 245.31925041130225, 183.51116119964553, 20.383747801167, 58.617237536650094, 53.55454153337949]}