{"mean_": [2485.0756121456084, 2508.457770157136, 2459.050519929658, 2483.4763178584026, 163512.91997264023, 2475.6812036433394, 54.393003801395274, 11.783364554923688, 2588.6776715347, 2347.0804435777713], "scale_": [731.8238957434211, 735.2929044180676, 727.3293593651205, 731.7432935278633, 240285.5344984397, 730.8428524841385, 12.09258912132249, 37.71180438657249, 751.9898152279234, 710.1694942515674]}