{"mean_": [3968.4390813911245, 4006.7405798007635, 3931.2948051029966, 3966.299547864245, 195043.75974025973, 3966.4277254658473, 3959.534695803057, 53.78919422969068, 4.59800877389983, 6.1270297423305395], "scale_": [239.32165694974304, 241.0982377315614, 237.82483684829032, 240.1027861609326, 1454884.4993690993, 224.45190961623263, 205.63581068290017, 17.376151483510718, 56.23843384134268, 50.90537344890679], "var_": [57274.8554851705, 58128.3602372645, 56560.65302191591, 57649.34792224252, 2116688906504.4749, 50378.65973037346, 42286.08663521356, 301.93064037791174, 3162.7614409270777, 2591.3570459726648]}