{"mean_": [77156.90415268457, 77496.59115457215, 76708.88582739094, 77092.6043676594, 12568.456375838927, 77059.56525010488, 51.28412601137269, 85.06647511172937, 78987.0219090238, 75031.52641312385], "scale_": [3721.6577242861567, 3723.243464009101, 3740.0287098234503, 3726.591909728422, 26170.38283796553, 3678.491617061971, 11.663662208166816, 579.9006677312823, 4058.4431314569706, 3368.1101689857296]}