{"mean_": [78816.63492063493, 79172.7632688492, 78336.34356398809, 78714.67280505953, 9661.904761904761, 79003.1550946852, 79605.17766978737, 47.05689705042372, -426.4666297158766, -407.654678482831], "scale_": [2933.9860315488313, 2964.2772504910427, 2928.5993981406386, 2935.438915171653, 4310.468194340582, 2757.163674497409, 2435.749916124105, 16.439310523630667, 447.50502021442196, 385.244257835802], "var_": [8608274.033323659, 8786939.617778735, 8576694.434789712, 8616801.624704132, 18580136.05442176, 7601951.527968054, 5932877.653898583, 270.25093049235403, 200260.74311711022, 148413.1381954579]}