{"mean_": [67077.85991847827, 67388.54519118789, 66707.03710694876, 67055.02529600155, 11006.459627329192, 66963.94168199132, 66757.3494914618, 54.197398493528965, 144.17797703056004, 143.37928956081703], "scale_": [8946.692498376686, 8959.72924769788, 8912.56938371259, 8926.290014491327, 17199.407992481843, 8877.518724792031, 8782.740831712961, 18.23112019662341, 585.9422707581873, 544.6021706400546]}