{"mean_": [152.2810382814368, 153.79926497905018, 149.91505005114817, 151.7599166320251, 2141405.171171171, 152.1193131059628, 152.79558615119294, 47.41448595224022, -0.4599744281345629, -0.5036307411966511], "scale_": [14.131665710932397, 13.975439793965348, 13.906684886666138, 13.846421130586984, 1373095.9173296157, 13.114570772092936, 12.069297191133916, 18.560754249527157, 2.744436398109504, 2.5044331388762124]}