{"mean_": [11956.302219943862, 12063.37928805106, 11821.596412836952, 11935.743822808801, 17022.313609467456, 11979.973474810968, 12061.202284392057, 45.75679403502524, -57.12408840127528, -53.87004780718535], "scale_": [649.8539041779878, 653.6982721615578, 637.8765062903849, 644.0547022732802, 15708.746903944364, 601.3573027380249, 536.2679901945238, 19.68091250719404, 195.84231494337854, 179.61675795738324]}