{"mean_": [2762.517950645806, 2784.015395121986, 2731.19545941485, 2756.7051123903507, 78057.3543859649, 2770.4916948190876, 2801.354917722392, 41.37246634617917, -21.690082606452833, -21.619900170039305], "scale_": [326.4173473689304, 330.26702202377777, 325.2981554944149, 328.3164784003523, 67227.73903349058, 318.74484306843954, 289.4829313997412, 17.136913384144577, 50.66186675590519, 48.71744147315401], "var_": [106548.28466336898, 109076.3058364545, 105818.88996806853, 107791.709989209, 4519568895.555113, 101598.27498272415, 83800.36757178727, 293.67380033567355, 2566.6247431930915, 2373.3891036901864]}