{"mean_": [385.4523543560641, 389.5313105613637, 380.99478725327793, 385.0613585721681, 8398235.757018551, 384.15483767515576, 382.14911934708675, 53.05331210825607, 1.4026003673760226, 1.4046871215781218], "scale_": [437.77619682745336, 441.70112196555647, 433.2942668363257, 437.286211946837, 37139864.12073464, 436.5481961563072, 434.9895552595364, 12.19508770399161, 10.191771443784399, 9.583492469166902], "var_": [191647.9985087092, 195099.88114563137, 187743.921673229, 191219.23115881404, 1379369506906632.0, 190574.32756732567, 189215.91318488927, 148.72016410804736, 103.87220516233913, 91.84332790657874]}