{"mean_": [1136.2931854401038, 1147.0741337371076, 1123.556499456085, 1135.2003496442521, 342174.23333333334, 1138.3149739993855, 1146.585734099184, 49.2358062681386, -5.780045890669533, -6.114239615203191], "scale_": [89.61192655910442, 90.43107701208129, 88.54305116946853, 89.32671042222444, 651301.7712733899, 85.71405695001954, 78.67159653655278, 18.957840377080494, 15.55182424170092, 13.607254101683068]}